program_name,program_url
All Honours BA Economics Program Requirements,https://academic-calendar.wlu.ca/program.php?cal=1&d=3156&p=7249&s=1154&y=92
Ancient Studies Minor,https://academic-calendar.wlu.ca/program.php?cal=1&d=3101&p=7051&s=1151&y=92
Anthropology Minor,https://academic-calendar.wlu.ca/program.php?cal=1&d=3074&p=6980&s=1151&y=92
Applied Developmental Psychology Minor,https://academic-calendar.wlu.ca/program.php?cal=1&d=3115&p=7102&s=1152&y=92
Applied Developmental Psychology Specialization,https://academic-calendar.wlu.ca/program.php?cal=1&d=3115&p=7103&s=1152&y=92
Applied Mathematics Option,https://academic-calendar.wlu.ca/program.php?cal=1&d=3121&p=7160&s=1152&y=92
Applied Mathematics Option,https://academic-calendar.wlu.ca/program.php?cal=1&d=3120&p=7153&s=1152&y=92
Applied Social Research Specialization,https://academic-calendar.wlu.ca/program.php?cal=1&d=3071&p=6972&s=1151&y=92
Arabic Studies Minor,https://academic-calendar.wlu.ca/program.php?cal=1&d=3103&p=7054&s=1151&y=92
Archaeology and Heritage Studies Minor,https://academic-calendar.wlu.ca/program.php?cal=1&d=3076&p=6984&s=1151&y=92
BSc Psychology,https://academic-calendar.wlu.ca/program.php?cal=1&d=3185&p=7301&s=1165&y=92
BSc and BA Biology with Concentrations,https://academic-calendar.wlu.ca/program.php?cal=1&d=3116&p=7114&s=1152&y=92
Bachelor of Music Therapy,https://academic-calendar.wlu.ca/program.php?cal=1&d=3163&p=7361&s=1155&y=92
Bachelor of Music or Bachelor of Music Therapy with Management Option,https://academic-calendar.wlu.ca/program.php?cal=1&d=3169&p=7267&s=1155&y=92
Biology Minor,https://academic-calendar.wlu.ca/program.php?cal=1&d=3116&p=7111&s=1152&y=92
Business Technology Management Option,https://academic-calendar.wlu.ca/program.php?cal=1&d=3158&p=7261&s=1154&y=92
Canadian Studies Minor,https://academic-calendar.wlu.ca/program.php?cal=1&d=3090&p=7037&s=1151&y=92
Canadian Studies Minor,https://academic-calendar.wlu.ca/program.php?cal=1&d=3069&p=6959&s=1151&y=92
Care and Counselling Specialization,https://academic-calendar.wlu.ca/program.php?cal=1&d=3181&p=7275&s=1164&y=92
Certificate in Criminology,https://academic-calendar.wlu.ca/program.php?cal=1&d=3183&p=7290&s=1165&y=92
Certificate in Data Analytics,https://academic-calendar.wlu.ca/program.php?cal=1&d=3133&p=7173&s=1152&y=92
Certificate in Digital Media Production,https://academic-calendar.wlu.ca/program.php?cal=1&d=3139&p=7194&s=1153&y=92
Certificate in Digital Media Skills I,https://academic-calendar.wlu.ca/program.php?cal=1&d=3139&p=7199&s=1153&y=92
Certificate in Digital Media Skills II,https://academic-calendar.wlu.ca/program.php?cal=1&d=3139&p=7200&s=1153&y=92
Certificate in Geomatics,https://academic-calendar.wlu.ca/program.php?cal=1&d=3112&p=7086&s=1152&y=92
Certificate in Global Crime and Justice,https://academic-calendar.wlu.ca/program.php?cal=1&d=3192&p=7321&s=1165&y=92
Certificate in Intermediate Economics 1,https://academic-calendar.wlu.ca/program.php?cal=1&d=3156&p=7247&s=1154&y=92
Certificate in Intermediate Economics 2,https://academic-calendar.wlu.ca/program.php?cal=1&d=3156&p=7248&s=1154&y=92
Certificate in Navigating the Music Industry  Ecosystem,https://academic-calendar.wlu.ca/program.php?cal=1&d=3173&p=7363&s=1155&y=92
Certificate in Non-Profit Career Foundations,https://academic-calendar.wlu.ca/program.php?cal=1&d=3137&p=7188&s=1153&y=92
Certificate in Quantitative Finance,https://academic-calendar.wlu.ca/program.php?cal=1&d=3120&p=7159&s=1152&y=92
Chemistry Minor,https://academic-calendar.wlu.ca/program.php?cal=1&d=3117&p=7121&s=1152&y=92
"Christianity, Interfaith Dialogue, and Community Engagement Minor",https://academic-calendar.wlu.ca/program.php?cal=1&d=3181&p=7280&s=1164&y=92
Climate Change Management Option,https://academic-calendar.wlu.ca/program.php?cal=1&d=3111&p=7073&s=1152&y=92
Climate Change Management Option,https://academic-calendar.wlu.ca/program.php?cal=1&d=3112&p=7074&s=1152&y=92
Co-operative Education,https://academic-calendar.wlu.ca/program.php?cal=1&d=3152&p=7231&s=1153&y=92
Combined Honours BA English and Film Studies with Vancouver Film School Diploma Program,https://academic-calendar.wlu.ca/program.php?cal=1&d=3079&p=7003&s=1151&y=92
Communication Studies Minor,https://academic-calendar.wlu.ca/program.php?cal=1&d=3077&p=6989&s=1151&y=92
Community Engagement Option,https://academic-calendar.wlu.ca/program.php?cal=1&d=3095&p=7043&s=1151&y=92
Community Psychology Specialization,https://academic-calendar.wlu.ca/program.php?cal=1&d=3115&p=7101&s=1152&y=92
Community Psychology and Social Change Minor,https://academic-calendar.wlu.ca/program.php?cal=1&d=3115&p=7100&s=1152&y=92
Computer Science Minor,https://academic-calendar.wlu.ca/program.php?cal=1&d=3118&p=7131&s=1152&y=92
Concentration with BBA program,https://academic-calendar.wlu.ca/program.php?cal=1&d=3155&p=7243&s=1154&y=92
Concentration with Honours BSc and BA Mathematics or Financial Mathematics and Analytics,https://academic-calendar.wlu.ca/program.php?cal=1&d=3120&p=7158&s=1152&y=92
Creative Writing Concentration,https://academic-calendar.wlu.ca/program.php?cal=1&d=3079&p=7000&s=1151&y=92
Creative Writing Minor,https://academic-calendar.wlu.ca/program.php?cal=1&d=3079&p=7001&s=1151&y=92
Criminology Minor,https://academic-calendar.wlu.ca/program.php?cal=1&d=3097&p=7045&s=1151&y=92
Criminology Minor,https://academic-calendar.wlu.ca/program.php?cal=1&d=3183&p=7289&s=1165&y=92
Criminology Minor,https://academic-calendar.wlu.ca/program.php?cal=1&d=3129&p=7165&s=1152&y=92
Critical Game Studies Minor,https://academic-calendar.wlu.ca/program.php?cal=1&d=3190&p=7341&s=1165&y=92
Cultural Studies Minor,https://academic-calendar.wlu.ca/program.php?cal=1&d=3077&p=6991&s=1151&y=92
Cultural Studies Minor,https://academic-calendar.wlu.ca/program.php?cal=1&d=3078&p=6995&s=1151&y=92
Data Analytics Option,https://academic-calendar.wlu.ca/program.php?cal=1&d=3133&p=7174&s=1152&y=92
Digital Humanities Minor,https://academic-calendar.wlu.ca/program.php?cal=1&d=3098&p=7047&s=1151&y=92
Digital Humanities Minor,https://academic-calendar.wlu.ca/program.php?cal=1&d=3084&p=7028&s=1151&y=92
Digital Humanities Option,https://academic-calendar.wlu.ca/program.php?cal=1&d=3098&p=7046&s=1151&y=92
Digital Humanities Option,https://academic-calendar.wlu.ca/program.php?cal=1&d=3084&p=7027&s=1151&y=92
Diploma in Business Administration,https://academic-calendar.wlu.ca/program.php?cal=1&d=3155&p=7240&s=1154&y=92
Diploma in Chamber Music,https://academic-calendar.wlu.ca/program.php?cal=1&d=3164&p=7263&s=1155&y=92
Diploma in Criminology,https://academic-calendar.wlu.ca/program.php?cal=1&d=3183&p=7291&s=1165&y=92
Diploma in Opera,https://academic-calendar.wlu.ca/program.php?cal=1&d=3167&p=7266&s=1155&y=92
Economics Minor,https://academic-calendar.wlu.ca/program.php?cal=1&d=3156&p=7255&s=1154&y=92
Education Minor,https://academic-calendar.wlu.ca/program.php?cal=1&d=3178&p=7272&s=1161&y=92
English Minor,https://academic-calendar.wlu.ca/program.php?cal=1&d=3079&p=6998&s=1151&y=92
English Minor,https://academic-calendar.wlu.ca/program.php?cal=1&d=3142&p=7205&s=1153&y=92
Environmental Studies Minor,https://academic-calendar.wlu.ca/program.php?cal=1&d=3111&p=7068&s=1152&y=92
Film Production Option,https://academic-calendar.wlu.ca/program.php?cal=1&d=3080&p=7011&s=1151&y=92
Film Production Specialization,https://academic-calendar.wlu.ca/program.php?cal=1&d=3080&p=7012&s=1151&y=92
Film Studies Minor,https://academic-calendar.wlu.ca/program.php?cal=1&d=3080&p=7009&s=1151&y=92
Film Theory Specialization,https://academic-calendar.wlu.ca/program.php?cal=1&d=3080&p=7013&s=1151&y=92
Financial Mathematics Minor,https://academic-calendar.wlu.ca/program.php?cal=1&d=3120&p=7155&s=1152&y=92
Foundations in Cybercrime Specialization,https://academic-calendar.wlu.ca/program.php?cal=1&d=3183&p=7357&s=1165&y=92
French Minor,https://academic-calendar.wlu.ca/program.php?cal=1&d=3104&p=7057&s=1151&y=92
French Minor,https://academic-calendar.wlu.ca/program.php?cal=1&d=3199&p=7366&s=1153&y=92
French Option,https://academic-calendar.wlu.ca/program.php?cal=1&d=3104&p=7058&s=1151&y=92
Game Design and Development Minor,https://academic-calendar.wlu.ca/program.php?cal=1&d=3190&p=7310&s=1165&y=92
Game Design and Development Option,https://academic-calendar.wlu.ca/program.php?cal=1&d=3190&p=7311&s=1165&y=92
General BA Ancient Studies,https://academic-calendar.wlu.ca/program.php?cal=1&d=3101&p=7336&s=1151&y=92
General BA Anthropology,https://academic-calendar.wlu.ca/program.php?cal=1&d=3074&p=7324&s=1151&y=92
General BA Archaeology and Heritage Studies,https://academic-calendar.wlu.ca/program.php?cal=1&d=3076&p=7325&s=1151&y=92
General BA Cultural Studies,https://academic-calendar.wlu.ca/program.php?cal=1&d=3078&p=7326&s=1151&y=92
General BA English,https://academic-calendar.wlu.ca/program.php?cal=1&d=3079&p=7328&s=1151&y=92
General BA Film Studies,https://academic-calendar.wlu.ca/program.php?cal=1&d=3080&p=7327&s=1151&y=92
General BA French,https://academic-calendar.wlu.ca/program.php?cal=1&d=3104&p=7330&s=1151&y=92
General BA Global Studies,https://academic-calendar.wlu.ca/program.php?cal=1&d=3083&p=7329&s=1151&y=92
General BA Leadership,https://academic-calendar.wlu.ca/program.php?cal=1&d=3182&p=7338&s=1165&y=92
General BA North American Studies,https://academic-calendar.wlu.ca/program.php?cal=1&d=3090&p=7331&s=1151&y=92
General BA Philosophy,https://academic-calendar.wlu.ca/program.php?cal=1&d=3068&p=7333&s=1151&y=92
General BA Political Science,https://academic-calendar.wlu.ca/program.php?cal=1&d=3069&p=7332&s=1151&y=92
General BA Religion and Culture,https://academic-calendar.wlu.ca/program.php?cal=1&d=3070&p=7334&s=1151&y=92
General BA Sociology,https://academic-calendar.wlu.ca/program.php?cal=1&d=3071&p=7335&s=1151&y=92
General BA Without Designation,https://academic-calendar.wlu.ca/program.php?cal=1&d=3187&p=7307&s=1165&y=92
General BA Youth and Children's Studies,https://academic-calendar.wlu.ca/program.php?cal=1&d=3149&p=7339&s=1153&y=92
General BA without Designation,https://academic-calendar.wlu.ca/program.php?cal=1&d=3091&p=7040&s=1151&y=92
General BA without Designation,https://academic-calendar.wlu.ca/program.php?cal=1&d=3144&p=7214&s=1153&y=92
General BA without Designation,https://academic-calendar.wlu.ca/program.php?cal=1&d=3126&p=7163&s=1152&y=92
General BSc Biology,https://academic-calendar.wlu.ca/program.php?cal=1&d=3116&p=7346&s=1152&y=92
General BSc Science,https://academic-calendar.wlu.ca/program.php?cal=1&d=3132&p=7344&s=1152&y=92
General BSc without Designation,https://academic-calendar.wlu.ca/program.php?cal=1&d=3125&p=7162&s=1152&y=92
Geography Minor,https://academic-calendar.wlu.ca/program.php?cal=1&d=3112&p=7083&s=1152&y=92
Geomatics Option,https://academic-calendar.wlu.ca/program.php?cal=1&d=3112&p=7077&s=1152&y=92
German Studies Minor,https://academic-calendar.wlu.ca/program.php?cal=1&d=3105&p=7060&s=1151&y=92
Global Studies Minor,https://academic-calendar.wlu.ca/program.php?cal=1&d=3083&p=7018&s=1151&y=92
Health Studies Minor,https://academic-calendar.wlu.ca/program.php?cal=1&d=3184&p=7296&s=1165&y=92
History Minor,https://academic-calendar.wlu.ca/program.php?cal=1&d=3084&p=7025&s=1151&y=92
History Minor,https://academic-calendar.wlu.ca/program.php?cal=1&d=3143&p=7209&s=1153&y=92
History Teaching Specialization,https://academic-calendar.wlu.ca/program.php?cal=1&d=3084&p=7337&s=1151&y=92
"History, Philosophy and Ethics of Science Minor",https://academic-calendar.wlu.ca/program.php?cal=1&d=3085&p=7030&s=1151&y=92
Honours BA Ancient Studies,https://academic-calendar.wlu.ca/program.php?cal=1&d=3101&p=7050&s=1151&y=92
Honours BA Ancient Studies in Combination with another Honours BA Program,https://academic-calendar.wlu.ca/program.php?cal=1&d=3101&p=7052&s=1151&y=92
Honours BA Anthropology in Combination with another Honours BA Program,https://academic-calendar.wlu.ca/program.php?cal=1&d=3074&p=6979&s=1151&y=92
Honours BA Archaeology and Heritage Studies,https://academic-calendar.wlu.ca/program.php?cal=1&d=3076&p=6985&s=1151&y=92
Honours BA Archaeology and Heritage Studies in Combination with another Honours BA Program,https://academic-calendar.wlu.ca/program.php?cal=1&d=3076&p=6983&s=1151&y=92
Honours BA Biology,https://academic-calendar.wlu.ca/program.php?cal=1&d=3116&p=7109&s=1152&y=92
Honours BA Biology in Combination with another Honours BA Program,https://academic-calendar.wlu.ca/program.php?cal=1&d=3116&p=7110&s=1152&y=92
"Honours BA Christianity, Interfaith Dialogue, and Community Engagement",https://academic-calendar.wlu.ca/program.php?cal=1&d=3181&p=7277&s=1164&y=92
"Honours BA Christianity, Interfaith Dialogue, and Community Engagement in Combination with another Honours BA Program",https://academic-calendar.wlu.ca/program.php?cal=1&d=3181&p=7278&s=1164&y=92
Honours BA Communication Studies,https://academic-calendar.wlu.ca/program.php?cal=1&d=3077&p=6987&s=1151&y=92
Honours BA Communication Studies in Combination with another Honours BA Program,https://academic-calendar.wlu.ca/program.php?cal=1&d=3077&p=6988&s=1151&y=92
Honours BA Communication Studies with Concentrations,https://academic-calendar.wlu.ca/program.php?cal=1&d=3077&p=6992&s=1151&y=92
"Honours BA Communication Studies, Co-operative Education",https://academic-calendar.wlu.ca/program.php?cal=1&d=3077&p=6993&s=1151&y=92
Honours BA Computer Science,https://academic-calendar.wlu.ca/program.php?cal=1&d=3118&p=7140&s=1152&y=92
Honours BA Computer Science in Combination with another Honours BA program,https://academic-calendar.wlu.ca/program.php?cal=1&d=3118&p=7132&s=1152&y=92
Honours BA Computer Science in Combination with another Honours BA/Professional Experience Program Option,https://academic-calendar.wlu.ca/program.php?cal=1&d=3118&p=7134&s=1152&y=92
Honours BA Criminology,https://academic-calendar.wlu.ca/program.php?cal=1&d=3183&p=7287&s=1165&y=92
Honours BA Criminology and LLB (Sussex) Stream,https://academic-calendar.wlu.ca/program.php?cal=1&d=3183&p=7292&s=1165&y=92
Honours BA Criminology and Policing,https://academic-calendar.wlu.ca/program.php?cal=1&d=3183&p=7293&s=1165&y=92
Honours BA Criminology and Policing,https://academic-calendar.wlu.ca/program.php?cal=1&d=3191&p=7315&s=1165&y=92
Honours BA Criminology in Combination with another Honours BA Program,https://academic-calendar.wlu.ca/program.php?cal=1&d=3183&p=7288&s=1165&y=92
Honours BA Cultural Studies in Combination with another Honours BA Program,https://academic-calendar.wlu.ca/program.php?cal=1&d=3077&p=6990&s=1151&y=92
Honours BA Cultural Studies in Combination with another Honours BA program,https://academic-calendar.wlu.ca/program.php?cal=1&d=3078&p=6994&s=1151&y=92
Honours BA Digital Media and Journalism,https://academic-calendar.wlu.ca/program.php?cal=1&d=3139&p=7195&s=1153&y=92
Honours BA Digital Media and Journalism: Advanced Standing Conestoga College Journalism Diploma Graduates,https://academic-calendar.wlu.ca/program.php?cal=1&d=3139&p=7198&s=1153&y=92
Honours BA Economics,https://academic-calendar.wlu.ca/program.php?cal=1&d=3156&p=7250&s=1154&y=92
Honours BA Economics and Accounting,https://academic-calendar.wlu.ca/program.php?cal=1&d=3156&p=7251&s=1154&y=92
Honours BA Economics and Data Analytics,https://academic-calendar.wlu.ca/program.php?cal=1&d=3156&p=7259&s=1154&y=92
Honours BA Economics and Financial Management,https://academic-calendar.wlu.ca/program.php?cal=1&d=3156&p=7252&s=1154&y=92
Honours BA Economics in Combination with another Honours BA Program,https://academic-calendar.wlu.ca/program.php?cal=1&d=3156&p=7253&s=1154&y=92
Honours BA English,https://academic-calendar.wlu.ca/program.php?cal=1&d=3079&p=6996&s=1151&y=92
Honours BA English,https://academic-calendar.wlu.ca/program.php?cal=1&d=3142&p=7207&s=1153&y=92
Honours BA English (Sussex) LLB Stream,https://academic-calendar.wlu.ca/program.php?cal=1&d=3079&p=7006&s=1151&y=92
Honours BA English (Sussex) LLB Stream,https://academic-calendar.wlu.ca/program.php?cal=1&d=3142&p=7206&s=1153&y=92
Honours BA English Combined with Vancouver Film School Diploma Program,https://academic-calendar.wlu.ca/program.php?cal=1&d=3079&p=7002&s=1151&y=92
Honours BA English in Combination with another Honours BA Program,https://academic-calendar.wlu.ca/program.php?cal=1&d=3079&p=6997&s=1151&y=92
Honours BA English in Combination with another Honours BAProgram,https://academic-calendar.wlu.ca/program.php?cal=1&d=3142&p=7202&s=1153&y=92
"Honours BA English, Co-operative education",https://academic-calendar.wlu.ca/program.php?cal=1&d=3079&p=7353&s=1151&y=92
Honours BA Environmental Studies,https://academic-calendar.wlu.ca/program.php?cal=1&d=3111&p=7067&s=1152&y=92
Honours BA Environmental Studies in Combination with Fleming College Programs,https://academic-calendar.wlu.ca/program.php?cal=1&d=3111&p=7070&s=1152&y=92
Honours BA Environmental Studies in Combination with another Honours BA Program,https://academic-calendar.wlu.ca/program.php?cal=1&d=3111&p=7071&s=1152&y=92
Honours BA Film Studies,https://academic-calendar.wlu.ca/program.php?cal=1&d=3080&p=7010&s=1151&y=92
Honours BA Film Studies in Combination with another Honours BA Program,https://academic-calendar.wlu.ca/program.php?cal=1&d=3080&p=7008&s=1151&y=92
Honours BA Film Studies with Vancouver Film School Diploma Program,https://academic-calendar.wlu.ca/program.php?cal=1&d=3080&p=7014&s=1151&y=92
"Honours BA Film Studies, Co-operative Education",https://academic-calendar.wlu.ca/program.php?cal=1&d=3080&p=7356&s=1151&y=92
Honours BA Financial Mathematics and Analytics,https://academic-calendar.wlu.ca/program.php?cal=1&d=3120&p=7151&s=1152&y=92
Honours BA Financial Mathematics and Analytics and Honours Bachelor of Business Administration,https://academic-calendar.wlu.ca/program.php?cal=1&d=3120&p=7157&s=1152&y=92
Honours BA French,https://academic-calendar.wlu.ca/program.php?cal=1&d=3104&p=7055&s=1151&y=92
Honours BA French in Combination with another Honours BA Program,https://academic-calendar.wlu.ca/program.php?cal=1&d=3104&p=7056&s=1151&y=92
"Honours BA French, Co-operative Education",https://academic-calendar.wlu.ca/program.php?cal=1&d=3104&p=7059&s=1151&y=92
Honours BA Game Design and Development,https://academic-calendar.wlu.ca/program.php?cal=1&d=3190&p=7308&s=1165&y=92
Honours BA Game Design and Development in Combination with another Honours BA Program,https://academic-calendar.wlu.ca/program.php?cal=1&d=3190&p=7309&s=1165&y=92
Honours BA Geography,https://academic-calendar.wlu.ca/program.php?cal=1&d=3112&p=7076&s=1152&y=92
Honours BA Geography in Combination with another Honours BA Program,https://academic-calendar.wlu.ca/program.php?cal=1&d=3112&p=7078&s=1152&y=92
Honours BA Global Studies,https://academic-calendar.wlu.ca/program.php?cal=1&d=3083&p=7016&s=1151&y=92
Honours BA Global Studies in Combination with another Honours BA Program,https://academic-calendar.wlu.ca/program.php?cal=1&d=3083&p=7017&s=1151&y=92
Honours BA Global Studies with Concentrations,https://academic-calendar.wlu.ca/program.php?cal=1&d=3083&p=7021&s=1151&y=92
"Honours BA Global Studies, Co-operative Education",https://academic-calendar.wlu.ca/program.php?cal=1&d=3083&p=7022&s=1151&y=92
Honours BA Health Management (Admission Suspended),https://academic-calendar.wlu.ca/program.php?cal=1&d=3184&p=7297&s=1165&y=92
Honours BA Health Studies,https://academic-calendar.wlu.ca/program.php?cal=1&d=3184&p=7294&s=1165&y=92
Honours BA Health Studies in Combination with another Honours BA Program,https://academic-calendar.wlu.ca/program.php?cal=1&d=3184&p=7295&s=1165&y=92
Honours BA History,https://academic-calendar.wlu.ca/program.php?cal=1&d=3084&p=7023&s=1151&y=92
Honours BA History,https://academic-calendar.wlu.ca/program.php?cal=1&d=3143&p=7210&s=1153&y=92
Honours BA History (Sussex) LLB Stream,https://academic-calendar.wlu.ca/program.php?cal=1&d=3084&p=7029&s=1151&y=92
Honours BA History (Sussex) LLB Stream,https://academic-calendar.wlu.ca/program.php?cal=1&d=3143&p=7213&s=1153&y=92
Honours BA History in Combination with another Honours BA Program,https://academic-calendar.wlu.ca/program.php?cal=1&d=3084&p=7024&s=1151&y=92
Honours BA History in Combination with another Honours BA Program,https://academic-calendar.wlu.ca/program.php?cal=1&d=3143&p=7208&s=1153&y=92
Honours BA Human Rights,https://academic-calendar.wlu.ca/program.php?cal=1&d=3137&p=7186&s=1153&y=92
Honours BA Human Rights and LLB (Sussex) Stream,https://academic-calendar.wlu.ca/program.php?cal=1&d=3137&p=7187&s=1153&y=92
Honours BA Human Rights in Combination with another Honours BA Program,https://academic-calendar.wlu.ca/program.php?cal=1&d=3137&p=7185&s=1153&y=92
Honours BA Human Rights: Advanced Standing Programs,https://academic-calendar.wlu.ca/program.php?cal=1&d=3137&p=7190&s=1153&y=92
Honours BA Humanities with Leadership Foundations,https://academic-calendar.wlu.ca/program.php?cal=1&d=3153&p=7235&s=1153&y=92
Honours BA Humanities with Leadership Foundations and LLB (Sussex) Stream,https://academic-calendar.wlu.ca/program.php?cal=1&d=3153&p=7234&s=1153&y=92
Honours BA Indigenous Studies in Combination with another Honours BA Program,https://academic-calendar.wlu.ca/program.php?cal=1&d=3138&p=7192&s=1153&y=92
Honours BA International Education Studies,https://academic-calendar.wlu.ca/program.php?cal=1&d=3107&p=7062&s=1151&y=92
Honours BA International Education Studies,https://academic-calendar.wlu.ca/program.php?cal=1&d=3179&p=7273&s=1161&y=92
Honours BA Labour Studies and Career Development - Admissions Suspended 2019-20,https://academic-calendar.wlu.ca/program.php?cal=1&d=3151&p=7228&s=1153&y=92
Honours BA Labour Studies and Career Development in Combination with another Honours BA Program - Admissions Suspended 2019-20,https://academic-calendar.wlu.ca/program.php?cal=1&d=3151&p=7229&s=1153&y=92
Honours BA Languages,https://academic-calendar.wlu.ca/program.php?cal=1&d=3087&p=7031&s=1151&y=92
"Honours BA Languages, Co-operative Education",https://academic-calendar.wlu.ca/program.php?cal=1&d=3087&p=7032&s=1151&y=92
Honours BA Law and Society,https://academic-calendar.wlu.ca/program.php?cal=1&d=3145&p=7217&s=1153&y=92
Honours BA Law and Society and LLB (Sussex) Stream,https://academic-calendar.wlu.ca/program.php?cal=1&d=3145&p=7221&s=1153&y=92
Honours BA Law and Society in Combination with another Honours BA Program,https://academic-calendar.wlu.ca/program.php?cal=1&d=3145&p=7218&s=1153&y=92
Honours BA Leadership,https://academic-calendar.wlu.ca/program.php?cal=1&d=3182&p=7283&s=1165&y=92
Honours BA Leadership in Combination with another Honours BA Program,https://academic-calendar.wlu.ca/program.php?cal=1&d=3182&p=7284&s=1165&y=92
Honours BA Mathematics,https://academic-calendar.wlu.ca/program.php?cal=1&d=3120&p=7149&s=1152&y=92
Honours BA Mathematics in Combination with another Honours BA Program,https://academic-calendar.wlu.ca/program.php?cal=1&d=3120&p=7150&s=1152&y=92
Honours BA Mathematics with Finance and Accounting Option,https://academic-calendar.wlu.ca/program.php?cal=1&d=3120&p=7152&s=1152&y=92
Honours BA Medieval and Medievalism Studies in Combination with another Honours BA Program,https://academic-calendar.wlu.ca/program.php?cal=1&d=3088&p=7033&s=1151&y=92
Honours BA Multidisciplinary Studies,https://academic-calendar.wlu.ca/program.php?cal=1&d=3196&p=7350&s=1151&y=92
Honours BA Multidisciplinary Studies,https://academic-calendar.wlu.ca/program.php?cal=1&d=3197&p=7351&s=1165&y=92
Honours BA North American Studies in Combination with another Honours BA Program,https://academic-calendar.wlu.ca/program.php?cal=1&d=3090&p=7038&s=1151&y=92
Honours BA North American Studies in Combination with another Honours BA program,https://academic-calendar.wlu.ca/program.php?cal=1&d=3069&p=6957&s=1151&y=92
Honours BA Philosophy,https://academic-calendar.wlu.ca/program.php?cal=1&d=3068&p=6948&s=1151&y=92
Honours BA Philosophy and LLB (Sussex) Stream,https://academic-calendar.wlu.ca/program.php?cal=1&d=3068&p=6951&s=1151&y=92
Honours BA Philosophy in Combination with another Honours BA Program,https://academic-calendar.wlu.ca/program.php?cal=1&d=3068&p=6949&s=1151&y=92
"Honours BA Philosophy, Co-operative Education",https://academic-calendar.wlu.ca/program.php?cal=1&d=3068&p=7354&s=1151&y=92
Honours BA Policing,https://academic-calendar.wlu.ca/program.php?cal=1&d=3191&p=7316&s=1165&y=92
Honours BA Policing in Combination with another Honours BA Program,https://academic-calendar.wlu.ca/program.php?cal=1&d=3191&p=7318&s=1165&y=92
Honours BA Political Science,https://academic-calendar.wlu.ca/program.php?cal=1&d=3069&p=6952&s=1151&y=92
Honours BA Political Science and LLB (Sussex) stream,https://academic-calendar.wlu.ca/program.php?cal=1&d=3069&p=6961&s=1151&y=92
Honours BA Political Science in Combination with another Honours BA Program,https://academic-calendar.wlu.ca/program.php?cal=1&d=3069&p=6953&s=1151&y=92
"Honours BA Political Science, Co-operative Education",https://academic-calendar.wlu.ca/program.php?cal=1&d=3069&p=6964&s=1151&y=92
Honours BA Psychology,https://academic-calendar.wlu.ca/program.php?cal=1&d=3185&p=7304&s=1165&y=92
Honours BA Psychology,https://academic-calendar.wlu.ca/program.php?cal=1&d=3115&p=7093&s=1152&y=92
Honours BA Psychology in Combination with another Honours BA Program,https://academic-calendar.wlu.ca/program.php?cal=1&d=3185&p=7302&s=1165&y=92
Honours BA Psychology in Combination with another Honours BA Program,https://academic-calendar.wlu.ca/program.php?cal=1&d=3115&p=7094&s=1152&y=92
Honours BA Psychology: Forensic Specialization,https://academic-calendar.wlu.ca/program.php?cal=1&d=3185&p=7305&s=1165&y=92
Honours BA Psychology: Forensic Specialization in Combination with another Honours BA Program,https://academic-calendar.wlu.ca/program.php?cal=1&d=3185&p=7306&s=1165&y=92
Honours BA Psychology: Research Specialist,https://academic-calendar.wlu.ca/program.php?cal=1&d=3115&p=7097&s=1152&y=92
Honours BA Public Safety,https://academic-calendar.wlu.ca/program.php?cal=1&d=3191&p=7319&s=1165&y=92
Honours BA Public Safety in Combination with another Honours BA Program,https://academic-calendar.wlu.ca/program.php?cal=1&d=3191&p=7320&s=1165&y=92
Honours BA Public Safety: Advanced Standing Program,https://academic-calendar.wlu.ca/program.php?cal=1&d=3191&p=7314&s=1165&y=92
Honours BA Religion and Culture,https://academic-calendar.wlu.ca/program.php?cal=1&d=3070&p=6965&s=1151&y=92
Honours BA Religion and Culture in Combination with another Honours BA Program,https://academic-calendar.wlu.ca/program.php?cal=1&d=3070&p=6966&s=1151&y=92
Honours BA Religion and Culture with Co-Operative Education,https://academic-calendar.wlu.ca/program.php?cal=1&d=3070&p=6968&s=1151&y=92
Honours BA Social and Environmental Justice - Admissions Suspended 2019-20,https://academic-calendar.wlu.ca/program.php?cal=1&d=3136&p=7179&s=1153&y=92
Honours BA Social and Environmental Justice in Combination with another Honours BA Program - Admissions Suspended 2019-20,https://academic-calendar.wlu.ca/program.php?cal=1&d=3136&p=7180&s=1153&y=92
Honours BA Sociology,https://academic-calendar.wlu.ca/program.php?cal=1&d=3071&p=6969&s=1151&y=92
Honours BA Sociology in Combination with another Honours BA Program,https://academic-calendar.wlu.ca/program.php?cal=1&d=3071&p=6970&s=1151&y=92
"Honours BA Sociology, Co-operative Education",https://academic-calendar.wlu.ca/program.php?cal=1&d=3071&p=6973&s=1151&y=92
Honours BA Spanish in Combination with another Honours BA Program,https://academic-calendar.wlu.ca/program.php?cal=1&d=3072&p=6974&s=1151&y=92
Honours BA Women and Gender Studies,https://academic-calendar.wlu.ca/program.php?cal=1&d=3073&p=6978&s=1151&y=92
Honours BA Women and Gender Studies in Combination with another Honours BA Program,https://academic-calendar.wlu.ca/program.php?cal=1&d=3073&p=6976&s=1151&y=92
"Honours BA Women and Gender Studies, Co-operative Education",https://academic-calendar.wlu.ca/program.php?cal=1&d=3073&p=7355&s=1151&y=92
Honours BA Youth and Children's Studies,https://academic-calendar.wlu.ca/program.php?cal=1&d=3149&p=7225&s=1153&y=92
Honours BA Youth and Childrens Studies in Combination with another Honours BA Program,https://academic-calendar.wlu.ca/program.php?cal=1&d=3149&p=7226&s=1153&y=92
Honours BBA (WLU) and Honours Bachelor of Computer Science (UW),https://academic-calendar.wlu.ca/program.php?cal=1&d=3155&p=7245&s=1154&y=92
Honours BBA (WLU) and Honours Bachelor of Mathematics (UW),https://academic-calendar.wlu.ca/program.php?cal=1&d=3155&p=7241&s=1154&y=92
Honours BKin with Concentrations,https://academic-calendar.wlu.ca/program.php?cal=1&d=3119&p=7142&s=1152&y=92
"Honours BMus and Randolph College for the Performing Arts, Performing Arts Diploma Program",https://academic-calendar.wlu.ca/program.php?cal=1&d=3172&p=7268&s=1155&y=92
Honours BSc Archaeology and Heritage Studies and Geography,https://academic-calendar.wlu.ca/program.php?cal=1&d=3076&p=6986&s=1151&y=92
Honours BSc Biochemistry and Biotechnology,https://academic-calendar.wlu.ca/program.php?cal=1&d=3117&p=7118&s=1152&y=92
Honours BSc Biochemistry and Biotechnology with Thesis,https://academic-calendar.wlu.ca/program.php?cal=1&d=3117&p=7123&s=1152&y=92
Honours BSc Biology,https://academic-calendar.wlu.ca/program.php?cal=1&d=3116&p=7104&s=1152&y=92
Honours BSc Biology and Chemistry,https://academic-calendar.wlu.ca/program.php?cal=1&d=3116&p=7106&s=1152&y=92
Honours BSc Biology and Mathematics,https://academic-calendar.wlu.ca/program.php?cal=1&d=3116&p=7107&s=1152&y=92
Honours BSc Biology and Mathematics,https://academic-calendar.wlu.ca/program.php?cal=1&d=3120&p=7146&s=1152&y=92
Honours BSc Biology and Psychology,https://academic-calendar.wlu.ca/program.php?cal=1&d=3116&p=7108&s=1152&y=92
Honours BSc Chemistry,https://academic-calendar.wlu.ca/program.php?cal=1&d=3117&p=7125&s=1152&y=92
Honours BSc Chemistry and Biology,https://academic-calendar.wlu.ca/program.php?cal=1&d=3117&p=7119&s=1152&y=92
Honours BSc Chemistry and Concentrations,https://academic-calendar.wlu.ca/program.php?cal=1&d=3117&p=7117&s=1152&y=92
Honours BSc Chemistry and Mathematics,https://academic-calendar.wlu.ca/program.php?cal=1&d=3117&p=7120&s=1152&y=92
Honours BSc Chemistry and Mathematics,https://academic-calendar.wlu.ca/program.php?cal=1&d=3120&p=7147&s=1152&y=92
Honours BSc Chemistry and Physics,https://academic-calendar.wlu.ca/program.php?cal=1&d=3117&p=7124&s=1152&y=92
Honours BSc Chemistry and Physics,https://academic-calendar.wlu.ca/program.php?cal=1&d=3114&p=7089&s=1152&y=92
Honours BSc Chemistry with Thesis,https://academic-calendar.wlu.ca/program.php?cal=1&d=3117&p=7126&s=1152&y=92
Honours BSc Chemistry with Thesis and Concentrations,https://academic-calendar.wlu.ca/program.php?cal=1&d=3117&p=7122&s=1152&y=92
Honours BSc Computer Science,https://academic-calendar.wlu.ca/program.php?cal=1&d=3118&p=7128&s=1152&y=92
Honours BSc Computer Science Combined with Conestoga College Software Engineering Technology Diploma,https://academic-calendar.wlu.ca/program.php?cal=1&d=3118&p=7137&s=1152&y=92
Honours BSc Computer Science and Mathematics,https://academic-calendar.wlu.ca/program.php?cal=1&d=3120&p=7148&s=1152&y=92
Honours BSc Computer Science and Mathematics,https://academic-calendar.wlu.ca/program.php?cal=1&d=3118&p=7130&s=1152&y=92
Honours BSc Computer Science and Physics,https://academic-calendar.wlu.ca/program.php?cal=1&d=3118&p=7138&s=1152&y=92
Honours BSc Computer Science and Physics,https://academic-calendar.wlu.ca/program.php?cal=1&d=3114&p=7090&s=1152&y=92
Honours BSc Computer Science and Psychology,https://academic-calendar.wlu.ca/program.php?cal=1&d=3118&p=7135&s=1152&y=92
Honours BSc Computer Science and Psychology: Computation and Cognitive Neuroscience Stream,https://academic-calendar.wlu.ca/program.php?cal=1&d=3118&p=7136&s=1152&y=92
Honours BSc Computer Science/Professional Experience Program Option,https://academic-calendar.wlu.ca/program.php?cal=1&d=3118&p=7133&s=1152&y=92
Honours BSc Computer Science: Big Data Systems Concentration,https://academic-calendar.wlu.ca/program.php?cal=1&d=3118&p=7139&s=1152&y=92
Honours BSc Data Science,https://academic-calendar.wlu.ca/program.php?cal=1&d=3131&p=7169&s=1152&y=92
Honours BSc Data Science Concentrations,https://academic-calendar.wlu.ca/program.php?cal=1&d=3131&p=7170&s=1152&y=92
Honours BSc Environmental Science,https://academic-calendar.wlu.ca/program.php?cal=1&d=3116&p=7112&s=1152&y=92
Honours BSc Environmental Science,https://academic-calendar.wlu.ca/program.php?cal=1&d=3130&p=7166&s=1152&y=92
Honours BSc Environmental Science,https://academic-calendar.wlu.ca/program.php?cal=1&d=3112&p=7082&s=1152&y=92
Honours BSc Financial Mathematics and Analytics,https://academic-calendar.wlu.ca/program.php?cal=1&d=3120&p=7145&s=1152&y=92
Honours BSc Geography,https://academic-calendar.wlu.ca/program.php?cal=1&d=3112&p=7079&s=1152&y=92
Honours BSc Geography and Archaeology and Heritage Studies,https://academic-calendar.wlu.ca/program.php?cal=1&d=3112&p=7085&s=1152&y=92
Honours BSc Geography and Geomatics,https://academic-calendar.wlu.ca/program.php?cal=1&d=3112&p=7080&s=1152&y=92
Honours BSc Health Sciences,https://academic-calendar.wlu.ca/program.php?cal=1&d=3127&p=7164&s=1152&y=92
Honours BSc Mathematics,https://academic-calendar.wlu.ca/program.php?cal=1&d=3120&p=7144&s=1152&y=92
Honours BSc Mathematics and Data Analytics,https://academic-calendar.wlu.ca/program.php?cal=1&d=3120&p=7143&s=1152&y=92
Honours BSc Paramedicine,https://academic-calendar.wlu.ca/program.php?cal=1&d=3198&p=7352&s=1152&y=92
Honours BSc Physics (admission suspended),https://academic-calendar.wlu.ca/program.php?cal=1&d=3114&p=7088&s=1152&y=92
Honours BSc Psychology,https://academic-calendar.wlu.ca/program.php?cal=1&d=3115&p=7091&s=1152&y=92
Honours BSc Psychology and Biology,https://academic-calendar.wlu.ca/program.php?cal=1&d=3115&p=7092&s=1152&y=92
Honours BSc Psychology and Computer Science,https://academic-calendar.wlu.ca/program.php?cal=1&d=3115&p=7098&s=1152&y=92
Honours BSc Psychology and Computer Science: Computation and Cognitive Neuroscience Stream,https://academic-calendar.wlu.ca/program.php?cal=1&d=3115&p=7099&s=1152&y=92
Honours BSc Psychology and Neuroscience,https://academic-calendar.wlu.ca/program.php?cal=1&d=3115&p=7096&s=1152&y=92
Honours BSc Science,https://academic-calendar.wlu.ca/program.php?cal=1&d=3132&p=7171&s=1152&y=92
Honours BSc Science and LLB (Sussex) Stream,https://academic-calendar.wlu.ca/program.php?cal=1&d=3132&p=7172&s=1152&y=92
Honours BSc in Computer Science and Honours Bachelor of Business Administration,https://academic-calendar.wlu.ca/program.php?cal=1&d=3118&p=7129&s=1152&y=92
Honours Bachelor of Arts and Science in Applied Health Sciences,https://academic-calendar.wlu.ca/program.php?cal=1&d=3184&p=7298&s=1165&y=92
Honours Bachelor of Business Administration and Honours BA Financial Mathematics and Analytics,https://academic-calendar.wlu.ca/program.php?cal=1&d=3155&p=7246&s=1154&y=92
Honours Bachelor of Business Administration and Honours Bachelor of Science in Computer Science,https://academic-calendar.wlu.ca/program.php?cal=1&d=3155&p=7239&s=1154&y=92
Honours Bachelor of Business Technology Management (Milton),https://academic-calendar.wlu.ca/program.php?cal=1&d=3158&p=7260&s=1154&y=92
Honours Bachelor of Design,https://academic-calendar.wlu.ca/program.php?cal=1&d=3152&p=7233&s=1153&y=92
Honours Bachelor of Kinesiology,https://academic-calendar.wlu.ca/program.php?cal=1&d=3119&p=7141&s=1152&y=92
Honours Bachelor of Music,https://academic-calendar.wlu.ca/program.php?cal=1&d=3165&p=7359&s=1155&y=92
Honours Bachelor of Music with Specializations,https://academic-calendar.wlu.ca/program.php?cal=1&d=3165&p=7360&s=1155&y=92
Honours Bachelor of Social Work: Advanced Standing Programs,https://academic-calendar.wlu.ca/program.php?cal=1&d=3193&p=7323&s=1166&y=92
Honours Bachelor of Social Work: Four-Year Program,https://academic-calendar.wlu.ca/program.php?cal=1&d=3193&p=7322&s=1166&y=92
Honours Business Administration BBA,https://academic-calendar.wlu.ca/program.php?cal=1&d=3155&p=7238&s=1154&y=92
Honours Business Administration Co-operative Option,https://academic-calendar.wlu.ca/program.php?cal=1&d=3155&p=7242&s=1154&y=92
Honours Economics Co-operative Education,https://academic-calendar.wlu.ca/program.php?cal=1&d=3156&p=7256&s=1154&y=92
Human Relationships Minor,https://academic-calendar.wlu.ca/program.php?cal=1&d=3181&p=7276&s=1164&y=92
Human Rights Minor,https://academic-calendar.wlu.ca/program.php?cal=1&d=3137&p=7184&s=1153&y=92
Indigenous Studies Minor,https://academic-calendar.wlu.ca/program.php?cal=1&d=3109&p=7065&s=1151&y=92
Indigenous Studies Minor,https://academic-calendar.wlu.ca/program.php?cal=1&d=3138&p=7191&s=1153&y=92
Intercultural Understanding Option,https://academic-calendar.wlu.ca/program.php?cal=1&d=3074&p=6981&s=1151&y=92
Intercultural Understanding Option,https://academic-calendar.wlu.ca/program.php?cal=1&d=3102&p=7053&s=1151&y=92
Intercultural Understanding Specialization,https://academic-calendar.wlu.ca/program.php?cal=1&d=3074&p=6982&s=1151&y=92
International Policy Option,https://academic-calendar.wlu.ca/program.php?cal=1&d=3100&p=7049&s=1151&y=92
Italian Minor,https://academic-calendar.wlu.ca/program.php?cal=1&d=3106&p=7061&s=1151&y=92
Judaism Minor,https://academic-calendar.wlu.ca/program.php?cal=1&d=3181&p=7281&s=1164&y=92
Junior/Intermediate Program,https://academic-calendar.wlu.ca/program.php?cal=1&d=3177&p=7271&s=1161&y=92
Labour Studies and Career Development Minor,https://academic-calendar.wlu.ca/program.php?cal=1&d=3151&p=7230&s=1153&y=92
Lambton College Pathway: Honours BA Indigenous Studies with Social and Environmental Justice Minor,https://academic-calendar.wlu.ca/program.php?cal=1&d=3138&p=7193&s=1153&y=92
Law Option,https://academic-calendar.wlu.ca/program.php?cal=1&d=3145&p=7220&s=1153&y=92
Law and Society Minor,https://academic-calendar.wlu.ca/program.php?cal=1&d=3145&p=7219&s=1153&y=92
Leadership Minor,https://academic-calendar.wlu.ca/program.php?cal=1&d=3108&p=7064&s=1151&y=92
Leadership Minor,https://academic-calendar.wlu.ca/program.php?cal=1&d=3182&p=7285&s=1165&y=92
Leadership Option,https://academic-calendar.wlu.ca/program.php?cal=1&d=3108&p=7063&s=1151&y=92
Leadership Option,https://academic-calendar.wlu.ca/program.php?cal=1&d=3182&p=7286&s=1165&y=92
Legal Studies Option,https://academic-calendar.wlu.ca/program.php?cal=1&d=3094&p=7042&s=1151&y=92
Legal Studies Option,https://academic-calendar.wlu.ca/program.php?cal=1&d=3069&p=6956&s=1151&y=92
Legal Studies Specialization,https://academic-calendar.wlu.ca/program.php?cal=1&d=3069&p=6963&s=1151&y=92
Management Option,https://academic-calendar.wlu.ca/program.php?cal=1&d=3089&p=7036&s=1151&y=92
Management Option,https://academic-calendar.wlu.ca/program.php?cal=1&d=3123&p=7161&s=1152&y=92
Management Option,https://academic-calendar.wlu.ca/program.php?cal=1&d=3156&p=7257&s=1154&y=92
Mathematics Minor,https://academic-calendar.wlu.ca/program.php?cal=1&d=3120&p=7154&s=1152&y=92
Media Studies Option,https://academic-calendar.wlu.ca/program.php?cal=1&d=3139&p=7197&s=1153&y=92
Media Studies Option,https://academic-calendar.wlu.ca/program.php?cal=1&d=3146&p=7222&s=1153&y=92
Medical Foundations Partnership Option,https://academic-calendar.wlu.ca/program.php?cal=1&d=3195&p=7347&s=1152&y=92
Medicinal Chemistry Minor,https://academic-calendar.wlu.ca/program.php?cal=1&d=3117&p=7116&s=1152&y=92
Medieval and Medievalism Studies Minor,https://academic-calendar.wlu.ca/program.php?cal=1&d=3088&p=7034&s=1151&y=92
Medievalism Studies Option,https://academic-calendar.wlu.ca/program.php?cal=1&d=3088&p=7035&s=1151&y=92
Mental Health and Well-Being Minor,https://academic-calendar.wlu.ca/program.php?cal=1&d=3185&p=7364&s=1165&y=92
Mental Health and Well-Being Minor,https://academic-calendar.wlu.ca/program.php?cal=1&d=3115&p=7342&s=1152&y=92
Music Minor,https://academic-calendar.wlu.ca/program.php?cal=1&d=3166&p=7362&s=1155&y=92
Muslim Studies Option,https://academic-calendar.wlu.ca/program.php?cal=1&d=3092&p=7041&s=1151&y=92
National Cinema Specialization,https://academic-calendar.wlu.ca/program.php?cal=1&d=3080&p=7349&s=1151&y=92
Non-Profit Career Foundations (Certificate),https://academic-calendar.wlu.ca/program.php?cal=1&d=3154&p=7236&s=1153&y=92
North American Studies Minor,https://academic-calendar.wlu.ca/program.php?cal=1&d=3090&p=7039&s=1151&y=92
North American Studies Minor,https://academic-calendar.wlu.ca/program.php?cal=1&d=3069&p=6958&s=1151&y=92
Option/Minor in Another Field with Economics majors,https://academic-calendar.wlu.ca/program.php?cal=1&d=3156&p=7254&s=1154&y=92
Option/Minor with BBA program,https://academic-calendar.wlu.ca/program.php?cal=1&d=3155&p=7244&s=1154&y=92
Philosophy Minor,https://academic-calendar.wlu.ca/program.php?cal=1&d=3068&p=6950&s=1151&y=92
Physical Forensics Minor,https://academic-calendar.wlu.ca/program.php?cal=1&d=3184&p=7300&s=1165&y=92
Physical Forensics Specialization,https://academic-calendar.wlu.ca/program.php?cal=1&d=3184&p=7299&s=1165&y=92
Physics Minor,https://academic-calendar.wlu.ca/program.php?cal=1&d=3114&p=7087&s=1152&y=92
Policing Minor,https://academic-calendar.wlu.ca/program.php?cal=1&d=3191&p=7317&s=1165&y=92
Political Science Minor,https://academic-calendar.wlu.ca/program.php?cal=1&d=3069&p=6954&s=1151&y=92
Politics and Public Policy Option,https://academic-calendar.wlu.ca/program.php?cal=1&d=3145&p=7215&s=1153&y=92
Politics and Public Policy Option,https://academic-calendar.wlu.ca/program.php?cal=1&d=3135&p=7178&s=1153&y=92
Politics and Public Policy Specialization,https://academic-calendar.wlu.ca/program.php?cal=1&d=3145&p=7216&s=1153&y=92
Post-Baccalaureate Certificate in Computer Science,https://academic-calendar.wlu.ca/program.php?cal=1&d=3118&p=7127&s=1152&y=92
Primary/Junior Program,https://academic-calendar.wlu.ca/program.php?cal=1&d=3177&p=7270&s=1161&y=92
Professional Writing Minor,https://academic-calendar.wlu.ca/program.php?cal=1&d=3079&p=7007&s=1151&y=92
Professional Writing Minor - confirmation suspended,https://academic-calendar.wlu.ca/program.php?cal=1&d=3142&p=7204&s=1153&y=92
Psychology Minor,https://academic-calendar.wlu.ca/program.php?cal=1&d=3185&p=7303&s=1165&y=92
Psychology Minor,https://academic-calendar.wlu.ca/program.php?cal=1&d=3115&p=7095&s=1152&y=92
Public History Minor,https://academic-calendar.wlu.ca/program.php?cal=1&d=3143&p=7211&s=1153&y=92
Public History Specialization (Brantford),https://academic-calendar.wlu.ca/program.php?cal=1&d=3143&p=7212&s=1153&y=92
Public Policy Minor,https://academic-calendar.wlu.ca/program.php?cal=1&d=3069&p=6960&s=1151&y=92
Public Policy Specialization,https://academic-calendar.wlu.ca/program.php?cal=1&d=3069&p=6962&s=1151&y=92
Public Safety Minor,https://academic-calendar.wlu.ca/program.php?cal=1&d=3191&p=7313&s=1165&y=92
Public Safety Option,https://academic-calendar.wlu.ca/program.php?cal=1&d=3191&p=7312&s=1165&y=92
Religion and Culture Minor,https://academic-calendar.wlu.ca/program.php?cal=1&d=3070&p=6967&s=1151&y=92
Research Specialization,https://academic-calendar.wlu.ca/program.php?cal=1&d=3083&p=7019&s=1151&y=92
Research Specialization,https://academic-calendar.wlu.ca/program.php?cal=1&d=3084&p=7026&s=1151&y=92
Research Specialization,https://academic-calendar.wlu.ca/program.php?cal=1&d=3069&p=6955&s=1151&y=92
Research Specialization,https://academic-calendar.wlu.ca/program.php?cal=1&d=3116&p=7115&s=1152&y=92
Research Specialization,https://academic-calendar.wlu.ca/program.php?cal=1&d=3130&p=7168&s=1152&y=92
Research Specialization,https://academic-calendar.wlu.ca/program.php?cal=1&d=3156&p=7258&s=1154&y=92
Social Entrepreneurship and Innovation Minor,https://academic-calendar.wlu.ca/program.php?cal=1&d=3096&p=7044&s=1151&y=92
Social Entrepreneurship and Innovation Option,https://academic-calendar.wlu.ca/program.php?cal=1&d=3083&p=7020&s=1151&y=92
Social Innovation Minor,https://academic-calendar.wlu.ca/program.php?cal=1&d=3136&p=7183&s=1153&y=92
Social Innovation Specialization - Admissions Suspended 2019-20,https://academic-calendar.wlu.ca/program.php?cal=1&d=3136&p=7181&s=1153&y=92
Social and Environmental Justice Minor,https://academic-calendar.wlu.ca/program.php?cal=1&d=3136&p=7182&s=1153&y=92
Sociology Minor,https://academic-calendar.wlu.ca/program.php?cal=1&d=3071&p=6971&s=1151&y=92
Spanish Minor,https://academic-calendar.wlu.ca/program.php?cal=1&d=3072&p=6975&s=1151&y=92
Specialization in Mental Health and Well-Being,https://academic-calendar.wlu.ca/program.php?cal=1&d=3185&p=7365&s=1165&y=92
Specialization in Mental Health and Well-Being,https://academic-calendar.wlu.ca/program.php?cal=1&d=3115&p=7343&s=1152&y=92
Spirituality and Global Music Minor,https://academic-calendar.wlu.ca/program.php?cal=1&d=3181&p=7279&s=1164&y=92
Spirituality and Global Music Specialization,https://academic-calendar.wlu.ca/program.php?cal=1&d=3181&p=7282&s=1164&y=92
Statistics Minor,https://academic-calendar.wlu.ca/program.php?cal=1&d=3120&p=7156&s=1152&y=92
Sustainability Option,https://academic-calendar.wlu.ca/program.php?cal=1&d=3111&p=7069&s=1152&y=92
Sustainability Option,https://academic-calendar.wlu.ca/program.php?cal=1&d=3112&p=7084&s=1152&y=92
Teaching Option,https://academic-calendar.wlu.ca/program.php?cal=1&d=3180&p=7274&s=1161&y=92
Undergraduate Certificate in Food and Sustainability,https://academic-calendar.wlu.ca/program.php?cal=1&d=3111&p=7072&s=1152&y=92
Undergraduate Certificate in Food and Sustainability,https://academic-calendar.wlu.ca/program.php?cal=1&d=3112&p=7075&s=1152&y=92
Undergraduate Certificate in Generative AI,https://academic-calendar.wlu.ca/program.php?cal=1&d=3098&p=7048&s=1151&y=92
User Experience Design Minor,https://academic-calendar.wlu.ca/program.php?cal=1&d=3110&p=7066&s=1151&y=92
User Experience Design Minor,https://academic-calendar.wlu.ca/program.php?cal=1&d=3152&p=7232&s=1153&y=92
Vancouver Film School Diploma Program with Combined Honours BA English and Film Studies,https://academic-calendar.wlu.ca/program.php?cal=1&d=3079&p=7004&s=1151&y=92
Vancouver Film School Diploma Program with Honours BA English,https://academic-calendar.wlu.ca/program.php?cal=1&d=3079&p=7005&s=1151&y=92
Vancouver Film School Diploma Program with Honours BA Film Studies,https://academic-calendar.wlu.ca/program.php?cal=1&d=3080&p=7015&s=1151&y=92
Water Science Option,https://academic-calendar.wlu.ca/program.php?cal=1&d=3134&p=7175&s=1152&y=92
Women and Gender Studies Minor,https://academic-calendar.wlu.ca/program.php?cal=1&d=3073&p=6977&s=1151&y=92
Youth and Children's Studies Minor,https://academic-calendar.wlu.ca/program.php?cal=1&d=3149&p=7227&s=1153&y=92
Youth and Children: Texts and Contexts Minor,https://academic-calendar.wlu.ca/program.php?cal=1&d=3079&p=6999&s=1151&y=92
Youth and Children: Texts and Contexts Minor,https://academic-calendar.wlu.ca/program.php?cal=1&d=3142&p=7203&s=1153&y=92
